2022;sunrise time;Zenith;Day length;;Astronomical twilight start;Nautical twilight start;Civil twilight start;Civil twilight end;Nautical twilight end;Astronomical twilight end
1/1;8:02:30 AM;12:10:40 PM;4:18:49 PM;08:16:19;+0:57;6:05:48 AM;6:44:29 AM;7:25:05 AM;4:56:15 PM;5:36:51 PM;6:15:32 PM
1/2;8:02:27 AM;12:11:07 PM;4:19:48 PM;08:17:21;+1:02;6:05:52 AM;6:44:31 AM;7:25:05 AM;4:57:10 PM;5:37:44 PM;6:16:23 PM
1/3;8:02:20 AM;12:11:34 PM;4:20:49 PM;08:18:29;+1:08;6:05:53 AM;6:44:31 AM;7:25:01 AM;4:58:07 PM;5:38:38 PM;6:17:15 PM
1/4;8:02:10 AM;12:12:01 PM;4:21:53 PM;08:19:43;+1:14;6:05:53 AM;6:44:28 AM;7:24:56 AM;4:59:07 PM;5:39:35 PM;6:18:10 PM
1/5;8:01:57 AM;12:12:28 PM;4:22:59 PM;08:21:02;+1:19;6:05:50 AM;6:44:23 AM;7:24:47 AM;5:00:09 PM;5:40:33 PM;6:19:06 PM
1/6;8:01:41 AM;12:12:54 PM;4:24:07 PM;08:22:26;+1:24;6:05:44 AM;6:44:15 AM;7:24:36 AM;5:01:12 PM;5:41:33 PM;6:20:04 PM
1/7;8:01:23 AM;12:13:20 PM;4:25:17 PM;08:23:54;+1:28;6:05:36 AM;6:44:05 AM;7:24:22 AM;5:02:18 PM;5:42:35 PM;6:21:03 PM
1/8;8:01:01 AM;12:13:45 PM;4:26:29 PM;08:25:28;+1:34;6:05:26 AM;6:43:52 AM;7:24:05 AM;5:03:25 PM;5:43:38 PM;6:22:05 PM
1/9;8:00:36 AM;12:14:10 PM;4:27:44 PM;08:27:08;+1:40;6:05:13 AM;6:43:37 AM;7:23:46 AM;5:04:34 PM;5:44:44 PM;6:23:07 PM
1/10;8:00:09 AM;12:14:35 PM;4:29:00 PM;08:28:51;+1:43;6:04:58 AM;6:43:19 AM;7:23:24 AM;5:05:45 PM;5:45:50 PM;6:24:11 PM
1/11;7:59:38 AM;12:14:58 PM;4:30:18 PM;08:30:40;+1:49;6:04:40 AM;6:42:58 AM;7:22:59 AM;5:06:58 PM;5:46:59 PM;6:25:17 PM
1/12;7:59:05 AM;12:15:22 PM;4:31:38 PM;08:32:33;+1:53;6:04:20 AM;6:42:35 AM;7:22:32 AM;5:08:12 PM;5:48:08 PM;6:26:24 PM
1/13;7:58:29 AM;12:15:45 PM;4:33:00 PM;08:34:31;+1:58;6:03:58 AM;6:42:10 AM;7:22:02 AM;5:09:27 PM;5:49:19 PM;6:27:32 PM
1/14;7:57:51 AM;12:16:07 PM;4:34:23 PM;08:36:32;+2:01;6:03:33 AM;6:41:42 AM;7:21:29 AM;5:10:45 PM;5:50:32 PM;6:28:41 PM
1/15;7:57:09 AM;12:16:29 PM;4:35:48 PM;08:38:39;+2:07;6:03:05 AM;6:41:12 AM;7:20:54 AM;5:12:03 PM;5:51:46 PM;6:29:52 PM
1/16;7:56:25 AM;12:16:50 PM;4:37:14 PM;08:40:49;+2:10;6:02:36 AM;6:40:39 AM;7:20:17 AM;5:13:23 PM;5:53:01 PM;6:31:04 PM
1/17;7:55:38 AM;12:17:10 PM;4:38:42 PM;08:43:04;+2:15;6:02:03 AM;6:40:04 AM;7:19:36 AM;5:14:44 PM;5:54:17 PM;6:32:17 PM
1/18;7:54:49 AM;12:17:30 PM;4:40:11 PM;08:45:22;+2:18;6:01:29 AM;6:39:26 AM;7:18:54 AM;5:16:07 PM;5:55:34 PM;6:33:31 PM
1/19;7:53:57 AM;12:17:49 PM;4:41:42 PM;08:47:45;+2:23;6:00:52 AM;6:38:46 AM;7:18:08 AM;5:17:30 PM;5:56:53 PM;6:34:47 PM
1/20;7:53:03 AM;12:18:08 PM;4:43:13 PM;08:50:10;+2:25;6:00:13 AM;6:38:03 AM;7:17:21 AM;5:18:55 PM;5:58:12 PM;6:36:03 PM
1/21;7:52:06 AM;12:18:26 PM;4:44:46 PM;08:52:40;+2:30;5:59:31 AM;6:37:19 AM;7:16:31 AM;5:20:21 PM;5:59:33 PM;6:37:20 PM
1/22;7:51:06 AM;12:18:43 PM;4:46:19 PM;08:55:13;+2:33;5:58:47 AM;6:36:31 AM;7:15:38 AM;5:21:47 PM;6:00:54 PM;6:38:39 PM
1/23;7:50:05 AM;12:18:59 PM;4:47:54 PM;08:57:49;+2:36;5:58:01 AM;6:35:42 AM;7:14:43 AM;5:23:15 PM;6:02:17 PM;6:39:58 PM
1/24;7:49:01 AM;12:19:15 PM;4:49:29 PM;09:00:28;+2:39;5:57:12 AM;6:34:50 AM;7:13:46 AM;5:24:44 PM;6:03:40 PM;6:41:18 PM
1/25;7:47:54 AM;12:19:30 PM;4:51:05 PM;09:03:11;+2:43;5:56:21 AM;6:33:56 AM;7:12:47 AM;5:26:13 PM;6:05:04 PM;6:42:39 PM
1/26;7:46:46 AM;12:19:44 PM;4:52:42 PM;09:05:56;+2:45;5:55:28 AM;6:32:59 AM;7:11:45 AM;5:27:43 PM;6:06:28 PM;6:44:00 PM
1/27;7:45:35 AM;12:19:57 PM;4:54:20 PM;09:08:45;+2:49;5:54:32 AM;6:32:01 AM;7:10:41 AM;5:29:14 PM;6:07:54 PM;6:45:23 PM
1/28;7:44:22 AM;12:20:10 PM;4:55:58 PM;09:11:36;+2:51;5:53:34 AM;6:31:00 AM;7:09:35 AM;5:30:45 PM;6:09:20 PM;6:46:46 PM
1/29;7:43:07 AM;12:20:22 PM;4:57:37 PM;09:14:30;+2:54;5:52:34 AM;6:29:57 AM;7:08:27 AM;5:32:17 PM;6:10:47 PM;6:48:10 PM
1/30;7:41:49 AM;12:20:33 PM;4:59:16 PM;09:17:27;+2:57;5:51:32 AM;6:28:52 AM;7:07:17 AM;5:33:49 PM;6:12:14 PM;6:49:34 PM
1/31;7:40:30 AM;12:20:43 PM;5:00:56 PM;09:20:26;+2:59;5:50:27 AM;6:27:44 AM;7:06:04 AM;5:35:22 PM;6:13:42 PM;6:50:59 PM
2/1;7:39:09 AM;12:20:53 PM;5:02:36 PM;09:23:27;+3:01;5:49:21 AM;6:26:35 AM;7:04:50 AM;5:36:56 PM;6:15:10 PM;6:52:24 PM
2/2;7:37:46 AM;12:21:01 PM;5:04:17 PM;09:26:31;+3:04;5:48:12 AM;6:25:23 AM;7:03:33 AM;5:38:29 PM;6:16:39 PM;6:53:51 PM
2/3;7:36:20 AM;12:21:09 PM;5:05:58 PM;09:29:38;+3:07;5:47:01 AM;6:24:10 AM;7:02:15 AM;5:40:03 PM;6:18:08 PM;6:55:17 PM
2/4;7:34:53 AM;12:21:16 PM;5:07:39 PM;09:32:46;+3:08;5:45:48 AM;6:22:54 AM;7:00:54 AM;5:41:38 PM;6:19:38 PM;6:56:44 PM
2/5;7:33:25 AM;12:21:22 PM;5:09:20 PM;09:35:55;+3:09;5:44:32 AM;6:21:37 AM;6:59:32 AM;5:43:12 PM;6:21:08 PM;6:58:12 PM
2/6;7:31:54 AM;12:21:28 PM;5:11:01 PM;09:39:07;+3:12;5:43:15 AM;6:20:17 AM;6:58:08 AM;5:44:47 PM;6:22:38 PM;6:59:40 PM
2/7;7:30:22 AM;12:21:32 PM;5:12:42 PM;09:42:20;+3:13;5:41:56 AM;6:18:56 AM;6:56:42 AM;5:46:22 PM;6:24:09 PM;7:01:08 PM
2/8;7:28:48 AM;12:21:36 PM;5:14:24 PM;09:45:36;+3:16;5:40:34 AM;6:17:32 AM;6:55:14 AM;5:47:58 PM;6:25:39 PM;7:02:37 PM
2/9;7:27:12 AM;12:21:39 PM;5:16:05 PM;09:48:53;+3:17;5:39:11 AM;6:16:07 AM;6:53:44 AM;5:49:33 PM;6:27:10 PM;7:04:07 PM
2/10;7:25:35 AM;12:21:41 PM;5:17:47 PM;09:52:12;+3:19;5:37:45 AM;6:14:40 AM;6:52:13 AM;5:51:08 PM;6:28:42 PM;7:05:36 PM
2/11;7:23:56 AM;12:21:42 PM;5:19:28 PM;09:55:32;+3:20;5:36:18 AM;6:13:11 AM;6:50:40 AM;5:52:44 PM;6:30:13 PM;7:07:06 PM
2/12;7:22:16 AM;12:21:43 PM;5:21:09 PM;09:58:53;+3:21;5:34:49 AM;6:11:40 AM;6:49:06 AM;5:54:20 PM;6:31:45 PM;7:08:36 PM
2/13;7:20:34 AM;12:21:42 PM;5:22:50 PM;10:02:16;+3:23;5:33:18 AM;6:10:08 AM;6:47:30 AM;5:55:55 PM;6:33:17 PM;7:10:07 PM
2/14;7:18:51 AM;12:21:41 PM;5:24:31 PM;10:05:40;+3:24;5:31:44 AM;6:08:34 AM;6:45:52 AM;5:57:31 PM;6:34:49 PM;7:11:38 PM
2/15;7:17:07 AM;12:21:39 PM;5:26:12 PM;10:09:05;+3:25;5:30:09 AM;6:06:58 AM;6:44:13 AM;5:59:06 PM;6:36:21 PM;7:13:09 PM
2/16;7:15:21 AM;12:21:37 PM;5:27:53 PM;10:12:32;+3:27;5:28:33 AM;6:05:20 AM;6:42:32 AM;6:00:42 PM;6:37:53 PM;7:14:41 PM
2/17;7:13:34 AM;12:21:33 PM;5:29:33 PM;10:15:59;+3:27;5:26:54 AM;6:03:41 AM;6:40:50 AM;6:02:17 PM;6:39:26 PM;7:16:13 PM
2/18;7:11:45 AM;12:21:29 PM;5:31:13 PM;10:19:28;+3:29;5:25:13 AM;6:02:00 AM;6:39:06 AM;6:03:53 PM;6:40:58 PM;7:17:45 PM
2/19;7:09:56 AM;12:21:24 PM;5:32:53 PM;10:22:57;+3:29;5:23:31 AM;6:00:18 AM;6:37:21 AM;6:05:28 PM;6:42:31 PM;7:19:17 PM
2/20;7:08:05 AM;12:21:19 PM;5:34:32 PM;10:26:27;+3:30;5:21:47 AM;5:58:34 AM;6:35:34 AM;6:07:03 PM;6:44:04 PM;7:20:50 PM
2/21;7:06:13 AM;12:21:12 PM;5:36:12 PM;10:29:59;+3:32;5:20:02 AM;5:56:49 AM;6:33:47 AM;6:08:38 PM;6:45:36 PM;7:22:23 PM
2/22;7:04:20 AM;12:21:05 PM;5:37:51 PM;10:33:31;+3:32;5:18:14 AM;5:55:02 AM;6:31:58 AM;6:10:13 PM;6:47:09 PM;7:23:57 PM
2/23;7:02:26 AM;12:20:58 PM;5:39:29 PM;10:37:03;+3:32;5:16:25 AM;5:53:13 AM;6:30:08 AM;6:11:48 PM;6:48:42 PM;7:25:30 PM
2/24;7:00:31 AM;12:20:49 PM;5:41:08 PM;10:40:37;+3:34;5:14:34 AM;5:51:24 AM;6:28:16 AM;6:13:22 PM;6:50:15 PM;7:27:04 PM
2/25;6:58:35 AM;12:20:40 PM;5:42:46 PM;10:44:11;+3:34;5:12:42 AM;5:49:33 AM;6:26:24 AM;6:14:57 PM;6:51:48 PM;7:28:38 PM
2/26;6:56:37 AM;12:20:31 PM;5:44:24 PM;10:47:47;+3:36;5:10:48 AM;5:47:40 AM;6:24:30 AM;6:16:31 PM;6:53:21 PM;7:30:13 PM
2/27;6:54:39 AM;12:20:20 PM;5:46:01 PM;10:51:22;+3:35;5:08:53 AM;5:45:46 AM;6:22:35 AM;6:18:05 PM;6:54:54 PM;7:31:48 PM
2/28;6:52:41 AM;12:20:09 PM;5:47:38 PM;10:54:57;+3:35;5:06:56 AM;5:43:51 AM;6:20:39 AM;6:19:40 PM;6:56:27 PM;7:33:23 PM
3/1;6:50:41 AM;12:19:58 PM;5:49:15 PM;10:58:34;+3:37;5:04:57 AM;5:41:55 AM;6:18:42 AM;6:21:13 PM;6:58:01 PM;7:34:58 PM
3/2;6:48:40 AM;12:19:46 PM;5:50:51 PM;11:02:11;+3:37;5:02:57 AM;5:39:57 AM;6:16:44 AM;6:22:47 PM;6:59:34 PM;7:36:34 PM
3/3;6:46:39 AM;12:19:33 PM;5:52:27 PM;11:05:48;+3:37;5:00:56 AM;5:37:59 AM;6:14:45 AM;6:24:21 PM;7:01:08 PM;7:38:11 PM
3/4;6:44:37 AM;12:19:20 PM;5:54:03 PM;11:09:26;+3:38;4:58:53 AM;5:35:59 AM;6:12:46 AM;6:25:54 PM;7:02:41 PM;7:39:47 PM
3/5;6:42:34 AM;12:19:06 PM;5:55:38 PM;11:13:04;+3:38;4:56:49 AM;5:33:58 AM;6:10:45 AM;6:27:28 PM;7:04:15 PM;7:41:24 PM
3/6;6:40:31 AM;12:18:52 PM;5:57:13 PM;11:16:42;+3:38;4:54:43 AM;5:31:56 AM;6:08:43 AM;6:29:01 PM;7:05:49 PM;7:43:02 PM
3/7;6:38:27 AM;12:18:38 PM;5:58:48 PM;11:20:21;+3:39;4:52:36 AM;5:29:53 AM;6:06:41 AM;6:30:34 PM;7:07:23 PM;7:44:39 PM
3/8;6:36:23 AM;12:18:23 PM;6:00:22 PM;11:23:59;+3:38;4:50:27 AM;5:27:48 AM;6:04:38 AM;6:32:07 PM;7:08:57 PM;7:46:18 PM
3/9;6:34:18 AM;12:18:07 PM;6:01:57 PM;11:27:39;+3:40;4:48:18 AM;5:25:43 AM;6:02:34 AM;6:33:40 PM;7:10:31 PM;7:47:57 PM
3/10;6:32:12 AM;12:17:51 PM;6:03:30 PM;11:31:18;+3:39;4:46:07 AM;5:23:37 AM;6:00:29 AM;6:35:13 PM;7:12:05 PM;7:49:36 PM
3/11;6:30:06 AM;12:17:35 PM;6:05:04 PM;11:34:58;+3:40;4:43:55 AM;5:21:30 AM;5:58:24 AM;6:36:46 PM;7:13:40 PM;7:51:16 PM
3/12;6:28:00 AM;12:17:19 PM;6:06:37 PM;11:38:37;+3:39;4:41:41 AM;5:19:22 AM;5:56:18 AM;6:38:19 PM;7:15:15 PM;7:52:56 PM
3/13;6:25:53 AM;12:17:02 PM;6:08:10 PM;11:42:17;+3:40;4:39:26 AM;5:17:13 AM;5:54:12 AM;6:39:52 PM;7:16:50 PM;7:54:37 PM
3/14;6:23:46 AM;12:16:44 PM;6:09:43 PM;11:45:57;+3:40;4:37:11 AM;5:15:04 AM;5:52:05 AM;6:41:24 PM;7:18:25 PM;7:56:18 PM
3/15;6:21:38 AM;12:16:27 PM;6:11:16 PM;11:49:38;+3:41;4:34:54 AM;5:12:53 AM;5:49:57 AM;6:42:57 PM;7:20:01 PM;7:58:00 PM
3/16;6:19:30 AM;12:16:09 PM;6:12:48 PM;11:53:18;+3:40;4:32:35 AM;5:10:42 AM;5:47:49 AM;6:44:30 PM;7:21:37 PM;7:59:43 PM
3/17;6:17:22 AM;12:15:51 PM;6:14:20 PM;11:56:58;+3:40;4:30:16 AM;5:08:30 AM;5:45:40 AM;6:46:02 PM;7:23:13 PM;8:01:26 PM
3/18;6:15:14 AM;12:15:33 PM;6:15:52 PM;12:00:38;+3:40;4:27:56 AM;5:06:17 AM;5:43:31 AM;6:47:35 PM;7:24:49 PM;8:03:10 PM
3/19;6:13:06 AM;12:15:15 PM;6:17:24 PM;12:04:18;+3:40;4:25:34 AM;5:04:04 AM;5:41:22 AM;6:49:08 PM;7:26:26 PM;8:04:55 PM
3/20;6:10:57 AM;12:14:56 PM;6:18:55 PM;12:07:58;+3:40;4:23:12 AM;5:01:50 AM;5:39:12 AM;6:50:40 PM;7:28:03 PM;8:06:40 PM
3/21;6:08:48 AM;12:14:38 PM;6:20:27 PM;12:11:39;+3:41;4:20:49 AM;4:59:35 AM;5:37:02 AM;6:52:13 PM;7:29:40 PM;8:08:27 PM
3/22;6:06:39 AM;12:14:19 PM;6:21:58 PM;12:15:19;+3:40;4:18:24 AM;4:57:20 AM;5:34:52 AM;6:53:46 PM;7:31:18 PM;8:10:14 PM
3/23;6:04:31 AM;12:14:00 PM;6:23:29 PM;12:18:58;+3:39;4:15:59 AM;4:55:04 AM;5:32:41 AM;6:55:19 PM;7:32:56 PM;8:12:01 PM
3/24;6:02:22 AM;12:13:41 PM;6:25:00 PM;12:22:38;+3:40;4:13:32 AM;4:52:47 AM;5:30:30 AM;6:56:52 PM;7:34:35 PM;8:13:50 PM
3/25;6:00:13 AM;12:13:22 PM;6:26:31 PM;12:26:18;+3:40;4:11:05 AM;4:50:31 AM;5:28:19 AM;6:58:25 PM;7:36:14 PM;8:15:39 PM
3/26;5:58:04 AM;12:13:03 PM;6:28:02 PM;12:29:58;+3:40;4:08:37 AM;4:48:13 AM;5:26:08 AM;6:59:59 PM;7:37:53 PM;8:17:30 PM
3/27;5:55:55 AM;12:12:44 PM;6:29:33 PM;12:33:38;+3:40;4:06:07 AM;4:45:55 AM;5:23:56 AM;7:01:32 PM;7:39:33 PM;8:19:21 PM
3/28;5:53:47 AM;12:12:25 PM;6:31:04 PM;12:37:17;+3:39;4:03:37 AM;4:43:37 AM;5:21:45 AM;7:03:06 PM;7:41:13 PM;8:21:13 PM
3/29;5:51:39 AM;12:12:06 PM;6:32:34 PM;12:40:55;+3:38;4:01:06 AM;4:41:19 AM;5:19:33 AM;7:04:40 PM;7:42:54 PM;8:23:07 PM
3/30;5:49:30 AM;12:11:48 PM;6:34:05 PM;12:44:35;+3:40;3:58:35 AM;4:39:00 AM;5:17:22 AM;7:06:14 PM;7:44:35 PM;8:25:01 PM
3/31;5:47:22 AM;12:11:29 PM;6:35:36 PM;12:48:14;+3:39;3:56:02 AM;4:36:41 AM;5:15:10 AM;7:07:48 PM;7:46:17 PM;8:26:56 PM
4/1;5:45:15 AM;12:11:10 PM;6:37:06 PM;12:51:51;+3:37;3:53:29 AM;4:34:21 AM;5:12:59 AM;7:09:22 PM;7:48:00 PM;8:28:52 PM
4/2;5:43:07 AM;12:10:52 PM;6:38:37 PM;12:55:30;+3:39;3:50:54 AM;4:32:01 AM;5:10:47 AM;7:10:57 PM;7:49:43 PM;8:30:50 PM
4/3;5:41:00 AM;12:10:34 PM;6:40:07 PM;12:59:07;+3:37;3:48:19 AM;4:29:41 AM;5:08:36 AM;7:12:32 PM;7:51:26 PM;8:32:48 PM
4/4;5:38:54 AM;12:10:16 PM;6:41:38 PM;13:02:44;+3:37;3:45:44 AM;4:27:21 AM;5:06:25 AM;7:14:07 PM;7:53:10 PM;8:34:48 PM
4/5;5:36:47 AM;12:09:58 PM;6:43:09 PM;13:06:22;+3:38;3:43:07 AM;4:25:01 AM;5:04:14 AM;7:15:42 PM;7:54:55 PM;8:36:49 PM
4/6;5:34:42 AM;12:09:40 PM;6:44:39 PM;13:09:57;+3:35;3:40:30 AM;4:22:40 AM;5:02:03 AM;7:17:18 PM;7:56:40 PM;8:38:51 PM
4/7;5:32:36 AM;12:09:23 PM;6:46:10 PM;13:13:34;+3:37;3:37:52 AM;4:20:20 AM;4:59:53 AM;7:18:53 PM;7:58:26 PM;8:40:54 PM
4/8;5:30:31 AM;12:09:06 PM;6:47:41 PM;13:17:10;+3:36;3:35:13 AM;4:17:59 AM;4:57:42 AM;7:20:30 PM;8:00:13 PM;8:42:59 PM
4/9;5:28:27 AM;12:08:49 PM;6:49:11 PM;13:20:44;+3:34;3:32:34 AM;4:15:38 AM;4:55:32 AM;7:22:06 PM;8:02:00 PM;8:45:04 PM
4/10;5:26:23 AM;12:08:33 PM;6:50:42 PM;13:24:19;+3:35;3:29:54 AM;4:13:18 AM;4:53:23 AM;7:23:43 PM;8:03:48 PM;8:47:12 PM
4/11;5:24:20 AM;12:08:17 PM;6:52:13 PM;13:27:53;+3:34;3:27:13 AM;4:10:57 AM;4:51:14 AM;7:25:19 PM;8:05:36 PM;8:49:20 PM
4/12;5:22:18 AM;12:08:01 PM;6:53:44 PM;13:31:26;+3:33;3:24:32 AM;4:08:36 AM;4:49:05 AM;7:26:57 PM;8:07:25 PM;8:51:30 PM
4/13;5:20:16 AM;12:07:45 PM;6:55:15 PM;13:34:59;+3:33;3:21:49 AM;4:06:16 AM;4:46:57 AM;7:28:34 PM;8:09:15 PM;8:53:41 PM
4/14;5:18:15 AM;12:07:30 PM;6:56:46 PM;13:38:31;+3:32;3:19:07 AM;4:03:55 AM;4:44:49 AM;7:30:12 PM;8:11:05 PM;8:55:54 PM
4/15;5:16:14 AM;12:07:16 PM;6:58:17 PM;13:42:03;+3:32;3:16:23 AM;4:01:35 AM;4:42:41 AM;7:31:50 PM;8:12:56 PM;8:58:08 PM
4/16;5:14:15 AM;12:07:01 PM;6:59:48 PM;13:45:33;+3:30;3:13:39 AM;3:59:15 AM;4:40:35 AM;7:33:28 PM;8:14:48 PM;9:00:23 PM
4/17;5:12:16 AM;12:06:47 PM;7:01:19 PM;13:49:03;+3:30;3:10:55 AM;3:56:55 AM;4:38:29 AM;7:35:06 PM;8:16:40 PM;9:02:40 PM
4/18;5:10:18 AM;12:06:34 PM;7:02:50 PM;13:52:32;+3:29;3:08:09 AM;3:54:35 AM;4:36:23 AM;7:36:45 PM;8:18:33 PM;9:04:59 PM
4/19;5:08:21 AM;12:06:21 PM;7:04:21 PM;13:56:00;+3:28;3:05:23 AM;3:52:16 AM;4:34:18 AM;7:38:24 PM;8:20:27 PM;9:07:19 PM
4/20;5:06:25 AM;12:06:09 PM;7:05:53 PM;13:59:28;+3:28;3:02:37 AM;3:49:56 AM;4:32:14 AM;7:40:03 PM;8:22:21 PM;9:09:40 PM
4/21;5:04:29 AM;12:05:57 PM;7:07:24 PM;14:02:55;+3:27;2:59:50 AM;3:47:38 AM;4:30:11 AM;7:41:43 PM;8:24:16 PM;9:12:03 PM
4/22;5:02:35 AM;12:05:45 PM;7:08:55 PM;14:06:20;+3:25;2:57:02 AM;3:45:19 AM;4:28:08 AM;7:43:22 PM;8:26:11 PM;9:14:28 PM
4/23;5:00:42 AM;12:05:34 PM;7:10:26 PM;14:09:44;+3:24;2:54:13 AM;3:43:01 AM;4:26:06 AM;7:45:02 PM;8:28:07 PM;9:16:55 PM
4/24;4:58:50 AM;12:05:23 PM;7:11:57 PM;14:13:07;+3:23;2:51:24 AM;3:40:44 AM;4:24:05 AM;7:46:42 PM;8:30:03 PM;9:19:23 PM
4/25;4:56:59 AM;12:05:13 PM;7:13:28 PM;14:16:29;+3:22;2:48:35 AM;3:38:27 AM;4:22:05 AM;7:48:22 PM;8:32:00 PM;9:21:52 PM
4/26;4:55:09 AM;12:05:04 PM;7:14:59 PM;14:19:50;+3:21;2:45:44 AM;3:36:10 AM;4:20:06 AM;7:50:02 PM;8:33:58 PM;9:24:23 PM
4/27;4:53:20 AM;12:04:55 PM;7:16:30 PM;14:23:10;+3:20;2:42:54 AM;3:33:54 AM;4:18:08 AM;7:51:42 PM;8:35:56 PM;9:26:56 PM
4/28;4:51:33 AM;12:04:47 PM;7:18:01 PM;14:26:28;+3:18;2:40:02 AM;3:31:39 AM;4:16:11 AM;7:53:22 PM;8:37:54 PM;9:29:31 PM
4/29;4:49:46 AM;12:04:39 PM;7:19:31 PM;14:29:45;+3:17;2:37:10 AM;3:29:24 AM;4:14:15 AM;7:55:03 PM;8:39:53 PM;9:32:08 PM
4/30;4:48:01 AM;12:04:31 PM;7:21:01 PM;14:33:00;+3:15;2:34:17 AM;3:27:10 AM;4:12:20 AM;7:56:43 PM;8:41:53 PM;9:34:46 PM
5/1;4:46:17 AM;12:04:25 PM;7:22:32 PM;14:36:15;+3:15;2:31:23 AM;3:24:57 AM;4:10:26 AM;7:58:23 PM;8:43:52 PM;9:37:26 PM
5/2;4:44:35 AM;12:04:18 PM;7:24:02 PM;14:39:27;+3:12;2:28:29 AM;3:22:44 AM;4:08:33 AM;8:00:03 PM;8:45:52 PM;9:40:08 PM
5/3;4:42:54 AM;12:04:13 PM;7:25:31 PM;14:42:37;+3:10;2:25:34 AM;3:20:33 AM;4:06:42 AM;8:01:43 PM;8:47:53 PM;9:42:51 PM
5/4;4:41:15 AM;12:04:08 PM;7:27:01 PM;14:45:46;+3:09;2:22:38 AM;3:18:22 AM;4:04:52 AM;8:03:23 PM;8:49:53 PM;9:45:37 PM
5/5;4:39:36 AM;12:04:03 PM;7:28:30 PM;14:48:54;+3:08;2:19:42 AM;3:16:12 AM;4:03:03 AM;8:05:03 PM;8:51:54 PM;9:48:24 PM
5/6;4:38:00 AM;12:03:59 PM;7:29:58 PM;14:51:58;+3:04;2:16:45 AM;3:14:03 AM;4:01:16 AM;8:06:42 PM;8:53:55 PM;9:51:13 PM
5/7;4:36:25 AM;12:03:56 PM;7:31:27 PM;14:55:02;+3:04;2:13:47 AM;3:11:55 AM;3:59:30 AM;8:08:22 PM;8:55:56 PM;9:54:04 PM
5/8;4:34:51 AM;12:03:53 PM;7:32:54 PM;14:58:03;+3:01;2:10:48 AM;3:09:49 AM;3:57:45 AM;8:10:01 PM;8:57:57 PM;9:56:57 PM
5/9;4:33:19 AM;12:03:50 PM;7:34:22 PM;15:01:03;+3:00;2:07:49 AM;3:07:43 AM;3:56:02 AM;8:11:39 PM;8:59:58 PM;9:59:52 PM
5/10;4:31:49 AM;12:03:49 PM;7:35:48 PM;15:03:59;+2:56;2:04:48 AM;3:05:39 AM;3:54:20 AM;8:13:17 PM;9:01:59 PM;10:02:49 PM
5/11;4:30:21 AM;12:03:48 PM;7:37:15 PM;15:06:54;+2:55;2:01:47 AM;3:03:36 AM;3:52:41 AM;8:14:55 PM;9:04:00 PM;10:05:48 PM
5/12;4:28:54 AM;12:03:47 PM;7:38:40 PM;15:09:46;+2:52;1:58:45 AM;3:01:34 AM;3:51:02 AM;8:16:32 PM;9:06:00 PM;10:08:49 PM
5/13;4:27:29 AM;12:03:47 PM;7:40:05 PM;15:12:36;+2:50;1:55:41 AM;2:59:33 AM;3:49:26 AM;8:18:08 PM;9:08:00 PM;10:11:53 PM
5/14;4:26:06 AM;12:03:47 PM;7:41:29 PM;15:15:23;+2:47;1:52:37 AM;2:57:35 AM;3:47:51 AM;8:19:44 PM;9:10:00 PM;10:14:58 PM
5/15;4:24:44 AM;12:03:48 PM;7:42:53 PM;15:18:09;+2:46;1:49:31 AM;2:55:37 AM;3:46:18 AM;8:21:19 PM;9:11:59 PM;10:18:05 PM
5/16;4:23:25 AM;12:03:50 PM;7:44:15 PM;15:20:50;+2:41;1:46:25 AM;2:53:42 AM;3:44:47 AM;8:22:53 PM;9:13:58 PM;10:21:15 PM
5/17;4:22:07 AM;12:03:52 PM;7:45:37 PM;15:23:30;+2:40;1:43:16 AM;2:51:48 AM;3:43:18 AM;8:24:26 PM;9:15:56 PM;10:24:28 PM
5/18;4:20:52 AM;12:03:55 PM;7:46:57 PM;15:26:05;+2:35;1:40:07 AM;2:49:56 AM;3:41:51 AM;8:25:58 PM;9:17:54 PM;10:27:42 PM
5/19;4:19:38 AM;12:03:58 PM;7:48:17 PM;15:28:39;+2:34;1:36:56 AM;2:48:05 AM;3:40:26 AM;8:27:30 PM;9:19:50 PM;10:30:59 PM
5/20;4:18:27 AM;12:04:01 PM;7:49:36 PM;15:31:09;+2:30;1:33:43 AM;2:46:17 AM;3:39:03 AM;8:29:00 PM;9:21:46 PM;10:34:19 PM
5/21;4:17:18 AM;12:04:05 PM;7:50:53 PM;15:33:35;+2:26;1:30:29 AM;2:44:31 AM;3:37:42 AM;8:30:29 PM;9:23:40 PM;10:37:42 PM
5/22;4:16:10 AM;12:04:10 PM;7:52:10 PM;15:36:00;+2:25;1:27:13 AM;2:42:47 AM;3:36:23 AM;8:31:57 PM;9:25:33 PM;10:41:07 PM
5/23;4:15:05 AM;12:04:15 PM;7:53:25 PM;15:38:20;+2:20;1:23:54 AM;2:41:05 AM;3:35:07 AM;8:33:23 PM;9:27:25 PM;10:44:36 PM
5/24;4:14:03 AM;12:04:21 PM;7:54:39 PM;15:40:36;+2:16;1:20:33 AM;2:39:26 AM;3:33:53 AM;8:34:49 PM;9:29:16 PM;10:48:08 PM
5/25;4:13:02 AM;12:04:27 PM;7:55:51 PM;15:42:49;+2:13;1:17:09 AM;2:37:49 AM;3:32:41 AM;8:36:12 PM;9:31:05 PM;10:51:44 PM
5/26;4:12:04 AM;12:04:33 PM;7:57:02 PM;15:44:58;+2:09;1:13:42 AM;2:36:14 AM;3:31:32 AM;8:37:34 PM;9:32:52 PM;10:55:24 PM
5/27;4:11:08 AM;12:04:40 PM;7:58:12 PM;15:47:04;+2:06;1:10:11 AM;2:34:42 AM;3:30:25 AM;8:38:55 PM;9:34:38 PM;10:59:08 PM
5/28;4:10:14 AM;12:04:47 PM;7:59:20 PM;15:49:06;+2:02;1:06:36 AM;2:33:13 AM;3:29:21 AM;8:40:13 PM;9:36:21 PM;11:02:58 PM
5/29;4:09:23 AM;12:04:55 PM;8:00:27 PM;15:51:04;+1:58;1:02:56 AM;2:31:47 AM;3:28:19 AM;8:41:30 PM;9:38:03 PM;11:06:53 PM
5/30;4:08:34 AM;12:05:03 PM;8:01:31 PM;15:52:57;+1:53;12:59:10 AM;2:30:24 AM;3:27:21 AM;8:42:45 PM;9:39:42 PM;11:10:56 PM
5/31;4:07:48 AM;12:05:11 PM;8:02:34 PM;15:54:46;+1:49;12:55:17 AM;2:29:04 AM;3:26:24 AM;8:43:58 PM;9:41:19 PM;11:15:06 PM
6/1;4:07:04 AM;12:05:20 PM;8:03:36 PM;15:56:32;+1:46;12:51:14 AM;2:27:47 AM;3:25:31 AM;8:45:09 PM;9:42:53 PM;11:19:26 PM
6/2;4:06:23 AM;12:05:29 PM;8:04:35 PM;15:58:12;+1:40;12:46:58 AM;2:26:33 AM;3:24:40 AM;8:46:18 PM;9:44:25 PM;11:24:00 PM
6/3;4:05:44 AM;12:05:39 PM;8:05:33 PM;15:59:49;+1:37;12:42:27 AM;2:25:23 AM;3:23:53 AM;8:47:24 PM;9:45:54 PM;11:28:51 PM
6/4;4:05:08 AM;12:05:48 PM;8:06:28 PM;16:01:20;+1:31;12:37:31 AM;2:24:17 AM;3:23:08 AM;8:48:29 PM;9:47:20 PM;11:34:06 PM
6/5;4:04:35 AM;12:05:58 PM;8:07:22 PM;16:02:47;+1:27;12:31:57 AM;2:23:14 AM;3:22:26 AM;8:49:31 PM;9:48:43 PM;11:39:59 PM
6/6;4:04:04 AM;12:06:09 PM;8:08:13 PM;16:04:09;+1:22;12:25:13 AM;2:22:15 AM;3:21:47 AM;8:50:30 PM;9:50:02 PM;11:47:05 PM
6/7;4:03:36 AM;12:06:19 PM;8:09:03 PM;16:05:27;+1:18;12:14:43 AM;2:21:20 AM;3:21:12 AM;8:51:27 PM;9:51:19 PM;11:57:55 PM
6/8;4:03:10 AM;12:06:30 PM;8:09:50 PM;16:06:40;+1:13;;2:20:29 AM;3:20:39 AM;8:52:21 PM;9:52:31 PM;
6/9;4:02:48 AM;12:06:41 PM;8:10:35 PM;16:07:47;+1:07;;2:19:42 AM;3:20:09 AM;8:53:13 PM;9:53:40 PM;
6/10;4:02:27 AM;12:06:52 PM;8:11:17 PM;16:08:50;+1:03;;2:18:59 AM;3:19:43 AM;8:54:02 PM;9:54:45 PM;
6/11;4:02:10 AM;12:07:04 PM;8:11:57 PM;16:09:47;+0:57;;2:18:21 AM;3:19:20 AM;8:54:48 PM;9:55:47 PM;
6/12;4:01:55 AM;12:07:15 PM;8:12:35 PM;16:10:40;+0:53;;2:17:47 AM;3:19:00 AM;8:55:31 PM;9:56:44 PM;
6/13;4:01:43 AM;12:07:27 PM;8:13:11 PM;16:11:28;+0:48;;2:17:17 AM;3:18:43 AM;8:56:11 PM;9:57:37 PM;
6/14;4:01:34 AM;12:07:39 PM;8:13:43 PM;16:12:09;+0:41;;2:16:52 AM;3:18:29 AM;8:56:48 PM;9:58:26 PM;
6/15;4:01:28 AM;12:07:51 PM;8:14:14 PM;16:12:46;+0:37;;2:16:32 AM;3:18:19 AM;8:57:23 PM;9:59:10 PM;
6/16;4:01:24 AM;12:08:03 PM;8:14:42 PM;16:13:18;+0:32;;2:16:16 AM;3:18:12 AM;8:57:54 PM;9:59:50 PM;
6/17;4:01:23 AM;12:08:15 PM;8:15:07 PM;16:13:44;+0:26;;2:16:05 AM;3:18:08 AM;8:58:22 PM;10:00:25 PM;
6/18;4:01:25 AM;12:08:27 PM;8:15:29 PM;16:14:04;+0:20;;2:15:59 AM;3:18:08 AM;8:58:46 PM;10:00:56 PM;
6/19;4:01:29 AM;12:08:39 PM;8:15:49 PM;16:14:20;+0:16;;2:15:57 AM;3:18:11 AM;8:59:08 PM;10:01:22 PM;
6/20;4:01:37 AM;12:08:52 PM;8:16:07 PM;16:14:30;+0:10;;2:16:01 AM;3:18:17 AM;8:59:26 PM;10:01:43 PM;
6/21;4:01:46 AM;12:09:04 PM;8:16:21 PM;16:14:35;+0:05;;2:16:09 AM;3:18:26 AM;8:59:41 PM;10:01:59 PM;
6/22;4:01:59 AM;12:09:16 PM;8:16:33 PM;16:14:34;−0:01;;2:16:21 AM;3:18:39 AM;8:59:53 PM;10:02:11 PM;
6/23;4:02:14 AM;12:09:28 PM;8:16:42 PM;16:14:28;−0:06;;2:16:39 AM;3:18:55 AM;9:00:01 PM;10:02:17 PM;
6/24;4:02:32 AM;12:09:40 PM;8:16:48 PM;16:14:16;−0:12;;2:17:01 AM;3:19:14 AM;9:00:06 PM;10:02:19 PM;
6/25;4:02:53 AM;12:09:52 PM;8:16:52 PM;16:13:59;−0:17;;2:17:28 AM;3:19:36 AM;9:00:08 PM;10:02:16 PM;
6/26;4:03:16 AM;12:10:04 PM;8:16:53 PM;16:13:37;−0:22;;2:18:00 AM;3:20:02 AM;9:00:07 PM;10:02:08 PM;
6/27;4:03:41 AM;12:10:16 PM;8:16:51 PM;16:13:10;−0:27;;2:18:36 AM;3:20:30 AM;9:00:02 PM;10:01:56 PM;
6/28;4:04:09 AM;12:10:27 PM;8:16:46 PM;16:12:37;−0:33;;2:19:17 AM;3:21:02 AM;8:59:53 PM;10:01:38 PM;
6/29;4:04:40 AM;12:10:39 PM;8:16:38 PM;16:11:58;−0:39;;2:20:02 AM;3:21:36 AM;8:59:42 PM;10:01:16 PM;
6/30;4:05:13 AM;12:10:50 PM;8:16:28 PM;16:11:15;−0:43;;2:20:51 AM;3:22:13 AM;8:59:27 PM;10:00:49 PM;
7/1;4:05:48 AM;12:11:01 PM;8:16:14 PM;16:10:26;−0:49;;2:21:44 AM;3:22:54 AM;8:59:09 PM;10:00:18 PM;
7/2;4:06:26 AM;12:11:12 PM;8:15:58 PM;16:09:32;−0:54;;2:22:42 AM;3:23:37 AM;8:58:47 PM;9:59:42 PM;
7/3;4:07:06 AM;12:11:23 PM;8:15:40 PM;16:08:34;−0:58;;2:23:43 AM;3:24:23 AM;8:58:23 PM;9:59:02 PM;
7/4;4:07:48 AM;12:11:33 PM;8:15:18 PM;16:07:30;−1:04;;2:24:49 AM;3:25:12 AM;8:57:55 PM;9:58:18 PM;
7/5;4:08:33 AM;12:11:43 PM;8:14:54 PM;16:06:21;−1:09;;2:25:58 AM;3:26:03 AM;8:57:24 PM;9:57:29 PM;
7/6;4:09:19 AM;12:11:53 PM;8:14:27 PM;16:05:08;−1:13;12:23:50 AM;2:27:10 AM;3:26:57 AM;8:56:49 PM;9:56:36 PM;11:59:56 PM
7/7;4:10:08 AM;12:12:03 PM;8:13:57 PM;16:03:49;−1:19;12:33:00 AM;2:28:26 AM;3:27:53 AM;8:56:12 PM;9:55:39 PM;11:51:05 PM
7/8;4:10:59 AM;12:12:12 PM;8:13:25 PM;16:02:26;−1:23;12:39:39 AM;2:29:45 AM;3:28:52 AM;8:55:32 PM;9:54:39 PM;11:44:44 PM
7/9;4:11:51 AM;12:12:21 PM;8:12:50 PM;16:00:59;−1:27;12:45:19 AM;2:31:07 AM;3:29:53 AM;8:54:48 PM;9:53:34 PM;11:39:22 PM
7/10;4:12:46 AM;12:12:29 PM;8:12:12 PM;15:59:26;−1:33;12:50:25 AM;2:32:32 AM;3:30:56 AM;8:54:02 PM;9:52:26 PM;11:34:33 PM
7/11;4:13:43 AM;12:12:37 PM;8:11:32 PM;15:57:49;−1:37;12:55:09 AM;2:34:00 AM;3:32:02 AM;8:53:12 PM;9:51:14 PM;11:30:06 PM
7/12;4:14:41 AM;12:12:45 PM;8:10:49 PM;15:56:08;−1:41;12:59:36 AM;2:35:31 AM;3:33:10 AM;8:52:20 PM;9:49:59 PM;11:25:53 PM
7/13;4:15:41 AM;12:12:52 PM;8:10:03 PM;15:54:22;−1:46;1:03:52 AM;2:37:04 AM;3:34:19 AM;8:51:25 PM;9:48:40 PM;11:21:53 PM
7/14;4:16:43 AM;12:12:59 PM;8:09:16 PM;15:52:33;−1:49;1:07:57 AM;2:38:39 AM;3:35:31 AM;8:50:27 PM;9:47:19 PM;11:18:01 PM
7/15;4:17:46 AM;12:13:06 PM;8:08:25 PM;15:50:39;−1:54;1:11:55 AM;2:40:17 AM;3:36:44 AM;8:49:27 PM;9:45:54 PM;11:14:16 PM
7/16;4:18:51 AM;12:13:12 PM;8:07:32 PM;15:48:41;−1:58;1:15:46 AM;2:41:57 AM;3:38:00 AM;8:48:23 PM;9:44:26 PM;11:10:37 PM
7/17;4:19:57 AM;12:13:17 PM;8:06:37 PM;15:46:40;−2:01;1:19:32 AM;2:43:39 AM;3:39:17 AM;8:47:17 PM;9:42:56 PM;11:07:02 PM
7/18;4:21:05 AM;12:13:22 PM;8:05:39 PM;15:44:34;−2:06;1:23:12 AM;2:45:22 AM;3:40:35 AM;8:46:09 PM;9:41:22 PM;11:03:32 PM
7/19;4:22:14 AM;12:13:27 PM;8:04:39 PM;15:42:25;−2:09;1:26:48 AM;2:47:08 AM;3:41:56 AM;8:44:58 PM;9:39:46 PM;11:00:05 PM
7/20;4:23:25 AM;12:13:31 PM;8:03:37 PM;15:40:12;−2:13;1:30:20 AM;2:48:54 AM;3:43:17 AM;8:43:45 PM;9:38:08 PM;10:56:42 PM
7/21;4:24:37 AM;12:13:35 PM;8:02:33 PM;15:37:56;−2:16;1:33:48 AM;2:50:43 AM;3:44:40 AM;8:42:29 PM;9:36:27 PM;10:53:21 PM
7/22;4:25:50 AM;12:13:38 PM;8:01:26 PM;15:35:36;−2:20;1:37:13 AM;2:52:32 AM;3:46:04 AM;8:41:11 PM;9:34:43 PM;10:50:02 PM
7/23;4:27:04 AM;12:13:40 PM;8:00:17 PM;15:33:13;−2:23;1:40:35 AM;2:54:23 AM;3:47:30 AM;8:39:51 PM;9:32:58 PM;10:46:46 PM
7/24;4:28:19 AM;12:13:42 PM;7:59:06 PM;15:30:47;−2:26;1:43:54 AM;2:56:15 AM;3:48:56 AM;8:38:28 PM;9:31:10 PM;10:43:31 PM
7/25;4:29:35 AM;12:13:44 PM;7:57:53 PM;15:28:18;−2:29;1:47:10 AM;2:58:07 AM;3:50:24 AM;8:37:04 PM;9:29:20 PM;10:40:18 PM
7/26;4:30:52 AM;12:13:45 PM;7:56:38 PM;15:25:46;−2:32;1:50:23 AM;3:00:01 AM;3:51:53 AM;8:35:37 PM;9:27:29 PM;10:37:07 PM
7/27;4:32:10 AM;12:13:45 PM;7:55:20 PM;15:23:10;−2:36;1:53:33 AM;3:01:55 AM;3:53:22 AM;8:34:08 PM;9:25:35 PM;10:33:57 PM
7/28;4:33:29 AM;12:13:45 PM;7:54:01 PM;15:20:32;−2:38;1:56:42 AM;3:03:50 AM;3:54:53 AM;8:32:37 PM;9:23:40 PM;10:30:49 PM
7/29;4:34:49 AM;12:13:44 PM;7:52:40 PM;15:17:51;−2:41;1:59:47 AM;3:05:46 AM;3:56:24 AM;8:31:05 PM;9:21:43 PM;10:27:42 PM
7/30;4:36:09 AM;12:13:43 PM;7:51:17 PM;15:15:08;−2:43;2:02:51 AM;3:07:42 AM;3:57:56 AM;8:29:30 PM;9:19:44 PM;10:24:36 PM
7/31;4:37:31 AM;12:13:41 PM;7:49:52 PM;15:12:21;−2:47;2:05:52 AM;3:09:38 AM;3:59:29 AM;8:27:54 PM;9:17:44 PM;10:21:31 PM
8/1;4:38:52 AM;12:13:39 PM;7:48:25 PM;15:09:33;−2:48;2:08:51 AM;3:11:35 AM;4:01:02 AM;8:26:16 PM;9:15:42 PM;10:18:27 PM
8/2;4:40:15 AM;12:13:36 PM;7:46:57 PM;15:06:42;−2:51;2:11:48 AM;3:13:32 AM;4:02:36 AM;8:24:36 PM;9:13:39 PM;10:15:24 PM
8/3;4:41:38 AM;12:13:32 PM;7:45:27 PM;15:03:49;−2:53;2:14:42 AM;3:15:29 AM;4:04:10 AM;8:22:55 PM;9:11:35 PM;10:12:22 PM
8/4;4:43:01 AM;12:13:28 PM;7:43:55 PM;15:00:54;−2:55;2:17:35 AM;3:17:27 AM;4:05:44 AM;8:21:12 PM;9:09:29 PM;10:09:21 PM
8/5;4:44:25 AM;12:13:23 PM;7:42:21 PM;14:57:56;−2:58;2:20:26 AM;3:19:24 AM;4:07:19 AM;8:19:27 PM;9:07:22 PM;10:06:21 PM
8/6;4:45:49 AM;12:13:18 PM;7:40:46 PM;14:54:57;−2:59;2:23:14 AM;3:21:21 AM;4:08:55 AM;8:17:41 PM;9:05:14 PM;10:03:21 PM
8/7;4:47:14 AM;12:13:12 PM;7:39:09 PM;14:51:55;−3:02;2:26:01 AM;3:23:18 AM;4:10:30 AM;8:15:53 PM;9:03:05 PM;10:00:23 PM
8/8;4:48:39 AM;12:13:05 PM;7:37:31 PM;14:48:52;−3:03;2:28:46 AM;3:25:15 AM;4:12:06 AM;8:14:04 PM;9:00:55 PM;9:57:25 PM
8/9;4:50:05 AM;12:12:58 PM;7:35:51 PM;14:45:46;−3:06;2:31:28 AM;3:27:12 AM;4:13:42 AM;8:12:14 PM;8:58:44 PM;9:54:27 PM
8/10;4:51:30 AM;12:12:50 PM;7:34:10 PM;14:42:40;−3:06;2:34:09 AM;3:29:08 AM;4:15:18 AM;8:10:22 PM;8:56:32 PM;9:51:31 PM
8/11;4:52:56 AM;12:12:42 PM;7:32:27 PM;14:39:31;−3:09;2:36:48 AM;3:31:05 AM;4:16:54 AM;8:08:29 PM;8:54:19 PM;9:48:35 PM
8/12;4:54:22 AM;12:12:33 PM;7:30:43 PM;14:36:21;−3:10;2:39:25 AM;3:33:00 AM;4:18:30 AM;8:06:35 PM;8:52:05 PM;9:45:40 PM
8/13;4:55:49 AM;12:12:23 PM;7:28:58 PM;14:33:09;−3:12;2:42:01 AM;3:34:56 AM;4:20:07 AM;8:04:40 PM;8:49:51 PM;9:42:46 PM
8/14;4:57:15 AM;12:12:13 PM;7:27:11 PM;14:29:56;−3:13;2:44:34 AM;3:36:51 AM;4:21:43 AM;8:02:43 PM;8:47:35 PM;9:39:52 PM
8/15;4:58:42 AM;12:12:02 PM;7:25:23 PM;14:26:41;−3:15;2:47:06 AM;3:38:46 AM;4:23:19 AM;8:00:46 PM;8:45:19 PM;9:36:59 PM
8/16;5:00:08 AM;12:11:51 PM;7:23:34 PM;14:23:26;−3:15;2:49:36 AM;3:40:40 AM;4:24:55 AM;7:58:47 PM;8:43:03 PM;9:34:06 PM
8/17;5:01:35 AM;12:11:39 PM;7:21:44 PM;14:20:09;−3:17;2:52:05 AM;3:42:33 AM;4:26:31 AM;7:56:48 PM;8:40:45 PM;9:31:14 PM
8/18;5:03:02 AM;12:11:27 PM;7:19:53 PM;14:16:51;−3:18;2:54:31 AM;3:44:27 AM;4:28:07 AM;7:54:47 PM;8:38:28 PM;9:28:23 PM
8/19;5:04:29 AM;12:11:14 PM;7:18:00 PM;14:13:31;−3:20;2:56:56 AM;3:46:19 AM;4:29:43 AM;7:52:46 PM;8:36:09 PM;9:25:32 PM
8/20;5:05:55 AM;12:11:01 PM;7:16:06 PM;14:10:11;−3:20;2:59:19 AM;3:48:11 AM;4:31:18 AM;7:50:43 PM;8:33:50 PM;9:22:42 PM
8/21;5:07:22 AM;12:10:47 PM;7:14:12 PM;14:06:50;−3:21;3:01:41 AM;3:50:03 AM;4:32:54 AM;7:48:40 PM;8:31:31 PM;9:19:53 PM
8/22;5:08:49 AM;12:10:32 PM;7:12:16 PM;14:03:27;−3:23;3:04:01 AM;3:51:53 AM;4:34:29 AM;7:46:36 PM;8:29:11 PM;9:17:04 PM
8/23;5:10:16 AM;12:10:17 PM;7:10:19 PM;14:00:03;−3:24;3:06:19 AM;3:53:44 AM;4:36:04 AM;7:44:31 PM;8:26:51 PM;9:14:16 PM
8/24;5:11:43 AM;12:10:02 PM;7:08:21 PM;13:56:38;−3:25;3:08:36 AM;3:55:33 AM;4:37:39 AM;7:42:25 PM;8:24:31 PM;9:11:28 PM
8/25;5:13:09 AM;12:09:46 PM;7:06:23 PM;13:53:14;−3:24;3:10:51 AM;3:57:22 AM;4:39:13 AM;7:40:19 PM;8:22:10 PM;9:08:41 PM
8/26;5:14:36 AM;12:09:30 PM;7:04:23 PM;13:49:47;−3:27;3:13:05 AM;3:59:10 AM;4:40:47 AM;7:38:12 PM;8:19:49 PM;9:05:54 PM
8/27;5:16:03 AM;12:09:13 PM;7:02:23 PM;13:46:20;−3:27;3:15:17 AM;4:00:58 AM;4:42:21 AM;7:36:05 PM;8:17:28 PM;9:03:09 PM
8/28;5:17:29 AM;12:08:56 PM;7:00:22 PM;13:42:53;−3:27;3:17:28 AM;4:02:45 AM;4:43:55 AM;7:33:56 PM;8:15:06 PM;9:00:23 PM
8/29;5:18:56 AM;12:08:38 PM;6:58:20 PM;13:39:24;−3:29;3:19:37 AM;4:04:31 AM;4:45:28 AM;7:31:48 PM;8:12:45 PM;8:57:39 PM
8/30;5:20:22 AM;12:08:20 PM;6:56:17 PM;13:35:55;−3:29;3:21:45 AM;4:06:17 AM;4:47:01 AM;7:29:38 PM;8:10:23 PM;8:54:55 PM
8/31;5:21:49 AM;12:08:01 PM;6:54:14 PM;13:32:25;−3:30;3:23:52 AM;4:08:02 AM;4:48:34 AM;7:27:29 PM;8:08:01 PM;8:52:11 PM
9/1;5:23:15 AM;12:07:43 PM;6:52:10 PM;13:28:55;−3:30;3:25:57 AM;4:09:47 AM;4:50:07 AM;7:25:18 PM;8:05:39 PM;8:49:29 PM
9/2;5:24:41 AM;12:07:23 PM;6:50:06 PM;13:25:25;−3:30;3:28:00 AM;4:11:30 AM;4:51:39 AM;7:23:08 PM;8:03:17 PM;8:46:46 PM
9/3;5:26:07 AM;12:07:04 PM;6:48:00 PM;13:21:53;−3:32;3:30:03 AM;4:13:13 AM;4:53:11 AM;7:20:57 PM;8:00:54 PM;8:44:05 PM
9/4;5:27:33 AM;12:06:44 PM;6:45:55 PM;13:18:22;−3:31;3:32:04 AM;4:14:56 AM;4:54:43 AM;7:18:45 PM;7:58:32 PM;8:41:24 PM
9/5;5:28:59 AM;12:06:24 PM;6:43:48 PM;13:14:49;−3:33;3:34:03 AM;4:16:38 AM;4:56:14 AM;7:16:34 PM;7:56:10 PM;8:38:44 PM
9/6;5:30:25 AM;12:06:03 PM;6:41:41 PM;13:11:16;−3:33;3:36:02 AM;4:18:19 AM;4:57:45 AM;7:14:22 PM;7:53:48 PM;8:36:05 PM
9/7;5:31:51 AM;12:05:43 PM;6:39:34 PM;13:07:43;−3:33;3:37:59 AM;4:19:59 AM;4:59:16 AM;7:12:09 PM;7:51:26 PM;8:33:26 PM
9/8;5:33:17 AM;12:05:22 PM;6:37:26 PM;13:04:09;−3:34;3:39:55 AM;4:21:39 AM;5:00:47 AM;7:09:57 PM;7:49:04 PM;8:30:48 PM
9/9;5:34:43 AM;12:05:01 PM;6:35:18 PM;13:00:35;−3:34;3:41:50 AM;4:23:19 AM;5:02:17 AM;7:07:44 PM;7:46:43 PM;8:28:11 PM
9/10;5:36:09 AM;12:04:39 PM;6:33:10 PM;12:57:01;−3:34;3:43:44 AM;4:24:57 AM;5:03:47 AM;7:05:31 PM;7:44:21 PM;8:25:34 PM
9/11;5:37:35 AM;12:04:18 PM;6:31:01 PM;12:53:26;−3:35;3:45:37 AM;4:26:36 AM;5:05:17 AM;7:03:19 PM;7:42:00 PM;8:22:58 PM
9/12;5:39:00 AM;12:03:56 PM;6:28:52 PM;12:49:52;−3:34;3:47:28 AM;4:28:13 AM;5:06:46 AM;7:01:05 PM;7:39:39 PM;8:20:23 PM
9/13;5:40:26 AM;12:03:34 PM;6:26:42 PM;12:46:16;−3:36;3:49:19 AM;4:29:50 AM;5:08:16 AM;6:58:52 PM;7:37:18 PM;8:17:49 PM
9/14;5:41:52 AM;12:03:12 PM;6:24:32 PM;12:42:40;−3:36;3:51:09 AM;4:31:27 AM;5:09:45 AM;6:56:39 PM;7:34:57 PM;8:15:16 PM
9/15;5:43:18 AM;12:02:50 PM;6:22:23 PM;12:39:05;−3:35;3:52:57 AM;4:33:03 AM;5:11:14 AM;6:54:26 PM;7:32:37 PM;8:12:43 PM
9/16;5:44:44 AM;12:02:28 PM;6:20:12 PM;12:35:28;−3:37;3:54:45 AM;4:34:39 AM;5:12:43 AM;6:52:13 PM;7:30:17 PM;8:10:11 PM
9/17;5:46:09 AM;12:02:06 PM;6:18:02 PM;12:31:53;−3:35;3:56:31 AM;4:36:14 AM;5:14:12 AM;6:50:00 PM;7:27:58 PM;8:07:40 PM
9/18;5:47:35 AM;12:01:44 PM;6:15:52 PM;12:28:17;−3:36;3:58:17 AM;4:37:49 AM;5:15:40 AM;6:47:47 PM;7:25:39 PM;8:05:10 PM
9/19;5:49:01 AM;12:01:21 PM;6:13:42 PM;12:24:41;−3:36;4:00:02 AM;4:39:23 AM;5:17:08 AM;6:45:34 PM;7:23:20 PM;8:02:41 PM
9/20;5:50:28 AM;12:00:59 PM;6:11:31 PM;12:21:03;−3:38;4:01:46 AM;4:40:57 AM;5:18:37 AM;6:43:22 PM;7:21:02 PM;8:00:13 PM
9/21;5:51:54 AM;12:00:37 PM;6:09:21 PM;12:17:27;−3:36;4:03:29 AM;4:42:30 AM;5:20:05 AM;6:41:10 PM;7:18:44 PM;7:57:46 PM
9/22;5:53:20 AM;12:00:15 PM;6:07:10 PM;12:13:50;−3:37;4:05:11 AM;4:44:03 AM;5:21:33 AM;6:38:57 PM;7:16:27 PM;7:55:19 PM
9/23;5:54:47 AM;11:59:53 AM;6:05:00 PM;12:10:13;−3:37;4:06:53 AM;4:45:36 AM;5:23:01 AM;6:36:46 PM;7:14:11 PM;7:52:54 PM
9/24;5:56:13 AM;11:59:31 AM;6:02:50 PM;12:06:37;−3:36;4:08:34 AM;4:47:08 AM;5:24:29 AM;6:34:34 PM;7:11:55 PM;7:50:29 PM
9/25;5:57:40 AM;11:59:10 AM;6:00:39 PM;12:02:59;−3:38;4:10:14 AM;4:48:40 AM;5:25:57 AM;6:32:23 PM;7:09:40 PM;7:48:06 PM
9/26;5:59:07 AM;11:58:48 AM;5:58:30 PM;11:59:23;−3:36;4:11:53 AM;4:50:12 AM;5:27:25 AM;6:30:12 PM;7:07:25 PM;7:45:43 PM
9/27;6:00:34 AM;11:58:27 AM;5:56:20 PM;11:55:46;−3:37;4:13:32 AM;4:51:43 AM;5:28:52 AM;6:28:02 PM;7:05:11 PM;7:43:22 PM
9/28;6:02:02 AM;11:58:06 AM;5:54:10 PM;11:52:08;−3:38;4:15:10 AM;4:53:14 AM;5:30:20 AM;6:25:52 PM;7:02:58 PM;7:41:02 PM
9/29;6:03:29 AM;11:57:45 AM;5:52:01 PM;11:48:32;−3:36;4:16:48 AM;4:54:45 AM;5:31:48 AM;6:23:42 PM;7:00:45 PM;7:38:42 PM
9/30;6:04:57 AM;11:57:24 AM;5:49:52 PM;11:44:55;−3:37;4:18:24 AM;4:56:16 AM;5:33:16 AM;6:21:33 PM;6:58:33 PM;7:36:24 PM
10/1;6:06:25 AM;11:57:04 AM;5:47:43 PM;11:41:18;−3:37;4:20:01 AM;4:57:46 AM;5:34:44 AM;6:19:24 PM;6:56:22 PM;7:34:07 PM
10/2;6:07:53 AM;11:56:44 AM;5:45:35 PM;11:37:42;−3:36;4:21:37 AM;4:59:16 AM;5:36:12 AM;6:17:17 PM;6:54:12 PM;7:31:52 PM
10/3;6:09:22 AM;11:56:25 AM;5:43:27 PM;11:34:05;−3:37;4:23:12 AM;5:00:46 AM;5:37:40 AM;6:15:09 PM;6:52:03 PM;7:29:37 PM
10/4;6:10:51 AM;11:56:05 AM;5:41:20 PM;11:30:29;−3:36;4:24:47 AM;5:02:16 AM;5:39:08 AM;6:13:03 PM;6:49:54 PM;7:27:24 PM
10/5;6:12:20 AM;11:55:46 AM;5:39:13 PM;11:26:53;−3:36;4:26:21 AM;5:03:46 AM;5:40:36 AM;6:10:57 PM;6:47:47 PM;7:25:12 PM
10/6;6:13:50 AM;11:55:28 AM;5:37:06 PM;11:23:16;−3:37;4:27:55 AM;5:05:15 AM;5:42:04 AM;6:08:51 PM;6:45:40 PM;7:23:01 PM
10/7;6:15:19 AM;11:55:10 AM;5:35:00 PM;11:19:41;−3:35;4:29:29 AM;5:06:45 AM;5:43:33 AM;6:06:47 PM;6:43:35 PM;7:20:51 PM
10/8;6:16:49 AM;11:54:52 AM;5:32:55 PM;11:16:06;−3:35;4:31:02 AM;5:08:14 AM;5:45:01 AM;6:04:43 PM;6:41:30 PM;7:18:43 PM
10/9;6:18:20 AM;11:54:35 AM;5:30:50 PM;11:12:30;−3:36;4:32:34 AM;5:09:43 AM;5:46:30 AM;6:02:40 PM;6:39:27 PM;7:16:36 PM
10/10;6:19:51 AM;11:54:18 AM;5:28:46 PM;11:08:55;−3:35;4:34:07 AM;5:11:12 AM;5:47:59 AM;6:00:38 PM;6:37:25 PM;7:14:30 PM
10/11;6:21:22 AM;11:54:02 AM;5:26:43 PM;11:05:21;−3:34;4:35:39 AM;5:12:41 AM;5:49:28 AM;5:58:37 PM;6:35:23 PM;7:12:26 PM
10/12;6:22:53 AM;11:53:47 AM;5:24:40 PM;11:01:47;−3:34;4:37:10 AM;5:14:10 AM;5:50:57 AM;5:56:36 PM;6:33:23 PM;7:10:23 PM
10/13;6:24:25 AM;11:53:32 AM;5:22:38 PM;10:58:13;−3:34;4:38:42 AM;5:15:39 AM;5:52:26 AM;5:54:37 PM;6:31:24 PM;7:08:22 PM
10/14;6:25:58 AM;11:53:17 AM;5:20:37 PM;10:54:39;−3:34;4:40:13 AM;5:17:08 AM;5:53:56 AM;5:52:39 PM;6:29:27 PM;7:06:22 PM
10/15;6:27:30 AM;11:53:03 AM;5:18:37 PM;10:51:07;−3:32;4:41:43 AM;5:18:37 AM;5:55:25 AM;5:50:41 PM;6:27:30 PM;7:04:23 PM
10/16;6:29:03 AM;11:52:50 AM;5:16:37 PM;10:47:34;−3:33;4:43:14 AM;5:20:05 AM;5:56:55 AM;5:48:45 PM;6:25:35 PM;7:02:27 PM
10/17;6:30:36 AM;11:52:37 AM;5:14:39 PM;10:44:03;−3:31;4:44:44 AM;5:21:34 AM;5:58:25 AM;5:46:50 PM;6:23:41 PM;7:00:31 PM
10/18;6:32:10 AM;11:52:26 AM;5:12:41 PM;10:40:31;−3:32;4:46:14 AM;5:23:03 AM;5:59:55 AM;5:44:56 PM;6:21:48 PM;6:58:37 PM
10/19;6:33:44 AM;11:52:14 AM;5:10:44 PM;10:37:00;−3:31;4:47:43 AM;5:24:31 AM;6:01:26 AM;5:43:03 PM;6:19:57 PM;6:56:45 PM
10/20;6:35:18 AM;11:52:04 AM;5:08:49 PM;10:33:31;−3:29;4:49:13 AM;5:26:00 AM;6:02:56 AM;5:41:11 PM;6:18:07 PM;6:54:55 PM
10/21;6:36:53 AM;11:51:54 AM;5:06:54 PM;10:30:01;−3:30;4:50:42 AM;5:27:29 AM;6:04:27 AM;5:39:20 PM;6:16:19 PM;6:53:06 PM
10/22;6:38:28 AM;11:51:44 AM;5:05:01 PM;10:26:33;−3:28;4:52:11 AM;5:28:57 AM;6:05:58 AM;5:37:31 PM;6:14:32 PM;6:51:18 PM
10/23;6:40:04 AM;11:51:36 AM;5:03:08 PM;10:23:04;−3:29;4:53:39 AM;5:30:26 AM;6:07:29 AM;5:35:43 PM;6:12:46 PM;6:49:33 PM
10/24;6:41:39 AM;11:51:28 AM;5:01:17 PM;10:19:38;−3:26;4:55:08 AM;5:31:54 AM;6:09:00 AM;5:33:56 PM;6:11:02 PM;6:47:49 PM
10/25;6:43:15 AM;11:51:21 AM;4:59:27 PM;10:16:12;−3:26;4:56:36 AM;5:33:23 AM;6:10:31 AM;5:32:11 PM;6:09:20 PM;6:46:07 PM
10/26;6:44:52 AM;11:51:15 AM;4:57:39 PM;10:12:47;−3:25;4:58:04 AM;5:34:51 AM;6:12:03 AM;5:30:27 PM;6:07:39 PM;6:44:26 PM
10/27;6:46:28 AM;11:51:10 AM;4:55:51 PM;10:09:23;−3:24;4:59:31 AM;5:36:20 AM;6:13:34 AM;5:28:45 PM;6:06:00 PM;6:42:48 PM
10/28;6:48:05 AM;11:51:05 AM;4:54:05 PM;10:06:00;−3:23;5:00:59 AM;5:37:48 AM;6:15:06 AM;5:27:04 PM;6:04:22 PM;6:41:11 PM
10/29;6:49:42 AM;11:51:01 AM;4:52:20 PM;10:02:38;−3:22;5:02:26 AM;5:39:16 AM;6:16:38 AM;5:25:25 PM;6:02:46 PM;6:39:36 PM
10/30;6:51:19 AM;11:50:58 AM;4:50:37 PM;09:59:18;−3:20;5:03:53 AM;5:40:44 AM;6:18:09 AM;5:23:47 PM;6:01:12 PM;6:38:03 PM
10/31;6:52:57 AM;11:50:56 AM;4:48:55 PM;09:55:58;−3:20;5:05:20 AM;5:42:12 AM;6:19:41 AM;5:22:10 PM;5:59:39 PM;6:36:32 PM
11/1;6:54:34 AM;11:50:54 AM;4:47:15 PM;09:52:41;−3:17;5:06:46 AM;5:43:40 AM;6:21:13 AM;5:20:36 PM;5:58:08 PM;6:35:03 PM
11/2;6:56:12 AM;11:50:54 AM;4:45:36 PM;09:49:24;−3:17;5:08:12 AM;5:45:08 AM;6:22:45 AM;5:19:03 PM;5:56:40 PM;6:33:35 PM
11/3;6:57:50 AM;11:50:54 AM;4:43:59 PM;09:46:09;−3:15;5:09:38 AM;5:46:36 AM;6:24:17 AM;5:17:31 PM;5:55:12 PM;6:32:10 PM
11/4;6:59:27 AM;11:50:55 AM;4:42:23 PM;09:42:56;−3:13;5:11:03 AM;5:48:03 AM;6:25:48 AM;5:16:02 PM;5:53:47 PM;6:30:47 PM
11/5;7:01:05 AM;11:50:57 AM;4:40:49 PM;09:39:44;−3:12;5:12:29 AM;5:49:30 AM;6:27:20 AM;5:14:34 PM;5:52:24 PM;6:29:25 PM
11/6;7:02:43 AM;11:51:00 AM;4:39:17 PM;09:36:34;−3:10;5:13:53 AM;5:50:57 AM;6:28:52 AM;5:13:08 PM;5:51:02 PM;6:28:06 PM
11/7;7:04:21 AM;11:51:03 AM;4:37:46 PM;09:33:25;−3:09;5:15:18 AM;5:52:24 AM;6:30:23 AM;5:11:44 PM;5:49:43 PM;6:26:49 PM
11/8;7:05:58 AM;11:51:08 AM;4:36:17 PM;09:30:19;−3:06;5:16:42 AM;5:53:50 AM;6:31:54 AM;5:10:22 PM;5:48:25 PM;6:25:34 PM
11/9;7:07:36 AM;11:51:13 AM;4:34:50 PM;09:27:14;−3:05;5:18:05 AM;5:55:17 AM;6:33:25 AM;5:09:01 PM;5:47:10 PM;6:24:21 PM
11/10;7:09:13 AM;11:51:19 AM;4:33:25 PM;09:24:12;−3:02;5:19:29 AM;5:56:42 AM;6:34:56 AM;5:07:43 PM;5:45:56 PM;6:23:10 PM
11/11;7:10:50 AM;11:51:26 AM;4:32:02 PM;09:21:12;−3:00;5:20:51 AM;5:58:08 AM;6:36:26 AM;5:06:26 PM;5:44:45 PM;6:22:01 PM
11/12;7:12:27 AM;11:51:34 AM;4:30:41 PM;09:18:14;−2:58;5:22:13 AM;5:59:33 AM;6:37:56 AM;5:05:12 PM;5:43:35 PM;6:20:55 PM
11/13;7:14:03 AM;11:51:43 AM;4:29:22 PM;09:15:19;−2:55;5:23:35 AM;6:00:57 AM;6:39:26 AM;5:04:00 PM;5:42:28 PM;6:19:50 PM
11/14;7:15:39 AM;11:51:52 AM;4:28:05 PM;09:12:26;−2:53;5:24:56 AM;6:02:21 AM;6:40:55 AM;5:02:49 PM;5:41:23 PM;6:18:48 PM
11/15;7:17:15 AM;11:52:02 AM;4:26:50 PM;09:09:35;−2:51;5:26:17 AM;6:03:45 AM;6:42:24 AM;5:01:41 PM;5:40:20 PM;6:17:48 PM
11/16;7:18:50 AM;11:52:14 AM;4:25:37 PM;09:06:47;−2:48;5:27:37 AM;6:05:08 AM;6:43:52 AM;5:00:35 PM;5:39:19 PM;6:16:50 PM
11/17;7:20:25 AM;11:52:25 AM;4:24:26 PM;09:04:01;−2:46;5:28:56 AM;6:06:30 AM;6:45:19 AM;4:59:32 PM;5:38:21 PM;6:15:55 PM
11/18;7:21:58 AM;11:52:38 AM;4:23:18 PM;09:01:20;−2:41;5:30:15 AM;6:07:52 AM;6:46:46 AM;4:58:30 PM;5:37:25 PM;6:15:02 PM
11/19;7:23:31 AM;11:52:52 AM;4:22:12 PM;08:58:41;−2:39;5:31:32 AM;6:09:13 AM;6:48:12 AM;4:57:31 PM;5:36:31 PM;6:14:11 PM
11/20;7:25:04 AM;11:53:06 AM;4:21:08 PM;08:56:04;−2:37;5:32:49 AM;6:10:33 AM;6:49:38 AM;4:56:34 PM;5:35:39 PM;6:13:22 PM
11/21;7:26:35 AM;11:53:21 AM;4:20:07 PM;08:53:32;−2:32;5:34:06 AM;6:11:52 AM;6:51:02 AM;4:55:40 PM;5:34:50 PM;6:12:36 PM
11/22;7:28:06 AM;11:53:37 AM;4:19:08 PM;08:51:02;−2:30;5:35:21 AM;6:13:11 AM;6:52:26 AM;4:54:47 PM;5:34:03 PM;6:11:53 PM
11/23;7:29:35 AM;11:53:53 AM;4:18:11 PM;08:48:36;−2:26;5:36:36 AM;6:14:28 AM;6:53:49 AM;4:53:58 PM;5:33:18 PM;6:11:11 PM
11/24;7:31:04 AM;11:54:11 AM;4:17:17 PM;08:46:13;−2:23;5:37:49 AM;6:15:45 AM;6:55:11 AM;4:53:10 PM;5:32:36 PM;6:10:32 PM
11/25;7:32:31 AM;11:54:29 AM;4:16:26 PM;08:43:55;−2:18;5:39:02 AM;6:17:01 AM;6:56:32 AM;4:52:25 PM;5:31:56 PM;6:09:55 PM
11/26;7:33:58 AM;11:54:47 AM;4:15:37 PM;08:41:39;−2:16;5:40:13 AM;6:18:16 AM;6:57:51 AM;4:51:43 PM;5:31:19 PM;6:09:21 PM
11/27;7:35:23 AM;11:55:07 AM;4:14:51 PM;08:39:28;−2:11;5:41:24 AM;6:19:29 AM;6:59:10 AM;4:51:03 PM;5:30:44 PM;6:08:49 PM
11/28;7:36:46 AM;11:55:27 AM;4:14:07 PM;08:37:21;−2:07;5:42:33 AM;6:20:42 AM;7:00:27 AM;4:50:26 PM;5:30:11 PM;6:08:20 PM
11/29;7:38:08 AM;11:55:47 AM;4:13:26 PM;08:35:18;−2:03;5:43:42 AM;6:21:53 AM;7:01:43 AM;4:49:51 PM;5:29:41 PM;6:07:53 PM
11/30;7:39:29 AM;11:56:09 AM;4:12:48 PM;08:33:19;−1:59;5:44:49 AM;6:23:03 AM;7:02:58 AM;4:49:19 PM;5:29:14 PM;6:07:28 PM
12/1;7:40:48 AM;11:56:30 AM;4:12:13 PM;08:31:25;−1:54;5:45:55 AM;6:24:12 AM;7:04:11 AM;4:48:50 PM;5:28:49 PM;6:07:06 PM
12/2;7:42:05 AM;11:56:53 AM;4:11:41 PM;08:29:36;−1:49;5:46:59 AM;6:25:19 AM;7:05:23 AM;4:48:23 PM;5:28:27 PM;6:06:46 PM
12/3;7:43:21 AM;11:57:16 AM;4:11:11 PM;08:27:50;−1:46;5:48:03 AM;6:26:25 AM;7:06:33 AM;4:47:59 PM;5:28:07 PM;6:06:29 PM
12/4;7:44:35 AM;11:57:39 AM;4:10:44 PM;08:26:09;−1:41;5:49:05 AM;6:27:30 AM;7:07:41 AM;4:47:38 PM;5:27:49 PM;6:06:14 PM
12/5;7:45:47 AM;11:58:04 AM;4:10:20 PM;08:24:33;−1:36;5:50:05 AM;6:28:33 AM;7:08:48 AM;4:47:19 PM;5:27:35 PM;6:06:02 PM
12/6;7:46:57 AM;11:58:28 AM;4:10:00 PM;08:23:03;−1:30;5:51:04 AM;6:29:34 AM;7:09:53 AM;4:47:03 PM;5:27:22 PM;6:05:52 PM
12/7;7:48:05 AM;11:58:53 AM;4:09:42 PM;08:21:37;−1:26;5:52:01 AM;6:30:34 AM;7:10:57 AM;4:46:50 PM;5:27:13 PM;6:05:45 PM
12/8;7:49:10 AM;11:59:19 AM;4:09:27 PM;08:20:17;−1:20;5:52:57 AM;6:31:32 AM;7:11:58 AM;4:46:39 PM;5:27:06 PM;6:05:40 PM
12/9;7:50:14 AM;11:59:45 AM;4:09:15 PM;08:19:01;−1:16;5:53:52 AM;6:32:28 AM;7:12:58 AM;4:46:32 PM;5:27:01 PM;6:05:37 PM
12/10;7:51:15 AM;12:00:11 PM;4:09:06 PM;08:17:51;−1:10;5:54:44 AM;6:33:23 AM;7:13:55 AM;4:46:27 PM;5:26:59 PM;6:05:37 PM
12/11;7:52:14 AM;12:00:38 PM;4:09:01 PM;08:16:47;−1:04;5:55:35 AM;6:34:15 AM;7:14:51 AM;4:46:25 PM;5:27:00 PM;6:05:40 PM
12/12;7:53:11 AM;12:01:05 PM;4:08:58 PM;08:15:47;−1:00;5:56:24 AM;6:35:06 AM;7:15:44 AM;4:46:25 PM;5:27:03 PM;6:05:45 PM
12/13;7:54:05 AM;12:01:32 PM;4:08:58 PM;08:14:53;−0:54;5:57:12 AM;6:35:55 AM;7:16:35 AM;4:46:29 PM;5:27:08 PM;6:05:52 PM
12/14;7:54:57 AM;12:01:59 PM;4:09:02 PM;08:14:05;−0:48;5:57:58 AM;6:36:42 AM;7:17:24 AM;4:46:35 PM;5:27:17 PM;6:06:01 PM
12/15;7:55:46 AM;12:02:27 PM;4:09:08 PM;08:13:22;−0:43;5:58:41 AM;6:37:27 AM;7:18:11 AM;4:46:44 PM;5:27:28 PM;6:06:13 PM
12/16;7:56:33 AM;12:02:55 PM;4:09:18 PM;08:12:45;−0:37;5:59:23 AM;6:38:10 AM;7:18:55 AM;4:46:55 PM;5:27:41 PM;6:06:28 PM
12/17;7:57:17 AM;12:03:24 PM;4:09:30 PM;08:12:13;−0:32;6:00:03 AM;6:38:51 AM;7:19:38 AM;4:47:10 PM;5:27:57 PM;6:06:44 PM
12/18;7:57:58 AM;12:03:52 PM;4:09:46 PM;08:11:48;−0:25;6:00:41 AM;6:39:29 AM;7:20:17 AM;4:47:27 PM;5:28:15 PM;6:07:03 PM
12/19;7:58:37 AM;12:04:21 PM;4:10:05 PM;08:11:28;−0:20;6:01:17 AM;6:40:06 AM;7:20:55 AM;4:47:47 PM;5:28:36 PM;6:07:25 PM
12/20;7:59:12 AM;12:04:49 PM;4:10:27 PM;08:11:15;−0:13;6:01:51 AM;6:40:40 AM;7:21:29 AM;4:48:09 PM;5:28:59 PM;6:07:48 PM
12/21;7:59:45 AM;12:05:18 PM;4:10:52 PM;08:11:07;−0:08;6:02:22 AM;6:41:12 AM;7:22:02 AM;4:48:35 PM;5:29:24 PM;6:08:14 PM
12/22;8:00:15 AM;12:05:47 PM;4:11:19 PM;08:11:04;−0:03;6:02:52 AM;6:41:42 AM;7:22:32 AM;4:49:03 PM;5:29:53 PM;6:08:42 PM
12/23;8:00:42 AM;12:06:16 PM;4:11:50 PM;08:11:08;+0:04;6:03:20 AM;6:42:09 AM;7:22:59 AM;4:49:33 PM;5:30:23 PM;6:09:12 PM
12/24;8:01:06 AM;12:06:45 PM;4:12:24 PM;08:11:18;+0:10;6:03:45 AM;6:42:34 AM;7:23:23 AM;4:50:06 PM;5:30:56 PM;6:09:45 PM
12/25;8:01:27 AM;12:07:14 PM;4:13:00 PM;08:11:33;+0:15;6:04:08 AM;6:42:57 AM;7:23:45 AM;4:50:42 PM;5:31:31 PM;6:10:19 PM
12/26;8:01:45 AM;12:07:43 PM;4:13:40 PM;08:11:55;+0:22;6:04:29 AM;6:43:17 AM;7:24:05 AM;4:51:20 PM;5:32:08 PM;6:10:56 PM
12/27;8:02:00 AM;12:08:11 PM;4:14:22 PM;08:12:22;+0:27;6:04:48 AM;6:43:35 AM;7:24:22 AM;4:52:01 PM;5:32:48 PM;6:11:35 PM
12/28;8:02:13 AM;12:08:40 PM;4:15:07 PM;08:12:54;+0:32;6:05:04 AM;6:43:50 AM;7:24:36 AM;4:52:44 PM;5:33:29 PM;6:12:16 PM
12/29;8:02:22 AM;12:09:08 PM;4:15:55 PM;08:13:33;+0:39;6:05:18 AM;6:44:03 AM;7:24:47 AM;4:53:30 PM;5:34:13 PM;6:12:59 PM
12/30;8:02:28 AM;12:09:37 PM;4:16:46 PM;08:14:18;+0:45;6:05:30 AM;6:44:14 AM;7:24:55 AM;4:54:18 PM;5:34:59 PM;6:13:43 PM
12/31;8:02:31 AM;12:10:05 PM;4:17:39 PM;08:15:08;+0:50;6:05:39 AM;6:44:22 AM;7:25:01 AM;4:55:08 PM;5:35:47 PM;6:14:30 PM